full_name,default_branch,stars,forks,created_at,size,open_issues_count,description,topics
foo/46542fd6b5,,,,2024-04-18T18:24:48+03:00,,,,
foo/08fc811e0e,,,,2024-04-18T18:24:48+03:00,,,,
foo/679a355e0e,,,,2024-04-18T18:24:48+03:00,,,,
foo/57869fb15e,,,,2024-04-18T18:24:48+03:00,,,,
foo/d612013cc9,,,,2024-04-18T18:24:48+03:00,,,,
foo/d1fa250cbd,,,,2024-04-18T18:24:48+03:00,,,,
foo/65ae3e6825,,,,2024-04-18T18:24:48+03:00,,,,
foo/e76f9316eb,,,,2024-04-18T18:24:48+03:00,,,,
foo/951e5c0f8f,,,,2024-04-18T18:24:48+03:00,,,,
foo/ea01366d7f,,,,2024-04-18T18:24:48+03:00,,,,
foo/f1f5557afc,,,,2024-04-18T18:24:48+03:00,,,,
foo/a20bfc7e55,,,,2024-04-18T18:24:48+03:00,,,,
foo/f325b05653,,,,2024-04-18T18:24:48+03:00,,,,
foo/0188b86bfb,,,,2024-04-18T18:24:48+03:00,,,,
foo/405ca88417,,,,2024-04-18T18:24:48+03:00,,,,
foo/9908d7bfa5,,,,2024-04-18T18:24:48+03:00,,,,
foo/0e452121fc,,,,2024-04-18T18:24:48+03:00,,,,
foo/fde66c885c,,,,2024-04-18T18:24:48+03:00,,,,
foo/32495fb818,,,,2024-04-18T18:24:48+03:00,,,,
foo/eaffa3a4fa,,,,2024-04-18T18:24:48+03:00,,,,
foo/2191200249,,,,2024-04-18T18:24:48+03:00,,,,
foo/3e2773a5cf,,,,2024-04-18T18:24:48+03:00,,,,
foo/4fd5f4cb69,,,,2024-04-18T18:24:48+03:00,,,,
foo/a5425980d5,,,,2024-04-18T18:24:48+03:00,,,,
foo/3df12aa50c,,,,2024-04-18T18:24:48+03:00,,,,
foo/6ea122d3d7,,,,2024-04-18T18:24:48+03:00,,,,
foo/a35913eaf8,,,,2024-04-18T18:24:48+03:00,,,,
foo/1b56072286,,,,2024-04-18T18:24:48+03:00,,,,
foo/6a8c926b93,,,,2024-04-18T18:24:48+03:00,,,,
foo/2c726d00db,,,,2024-04-18T18:24:48+03:00,,,,
foo/74b206fd96,,,,2024-04-18T18:24:48+03:00,,,,
foo/ec81ca2487,,,,2024-04-18T18:24:48+03:00,,,,
foo/1a214fb561,,,,2024-04-18T18:24:48+03:00,,,,
foo/d51a32234f,,,,2024-04-18T18:24:48+03:00,,,,
foo/19d7298e1d,,,,2024-04-18T18:24:48+03:00,,,,
